Datetime,Water Level (m)
2026-02-16 18:00:00,-4.501
2026-02-16 19:00:00,-4.501
2026-02-16 20:00:00,-4.501
2026-02-16 21:00:00,-4.501
2026-02-16 22:00:00,-4.501
2026-02-16 23:00:00,-4.501
2026-02-17 00:00:00,-4.501
2026-02-17 01:00:00,-4.501
2026-02-17 02:00:00,-4.501
2026-02-17 03:00:00,-4.501
2026-02-17 04:00:00,-4.501
2026-02-17 05:00:00,-4.501
2026-02-17 06:00:00,-4.501
2026-02-17 07:00:00,-4.501
2026-02-17 08:00:00,-4.501
2026-02-17 09:00:00,-4.501
2026-02-17 10:00:00,-4.501
2026-02-17 11:00:00,-4.501
2026-02-17 12:00:00,-4.501
2026-02-17 13:00:00,-4.501
2026-02-17 14:00:00,-4.501
2026-02-17 15:00:00,-4.501
2026-02-17 16:00:00,-4.501
2026-02-17 17:00:00,-0.033435147
2026-02-17 18:00:00,0.119664095
2026-02-17 19:00:00,0.14271796
2026-02-17 20:00:00,0.14481866
2026-02-17 21:00:00,0.14183928
2026-02-17 22:00:00,0.14610039
2026-02-17 23:00:00,0.14281555
2026-02-18 00:00:00,0.14002885
2026-02-18 01:00:00,0.1357742
2026-02-18 02:00:00,0.12891163
2026-02-18 03:00:00,0.12490439
2026-02-18 04:00:00,0.123118885
2026-02-18 05:00:00,0.12775068
2026-02-18 06:00:00,0.13833822
2026-02-18 07:00:00,0.15335935
2026-02-18 08:00:00,0.16989325
2026-02-18 09:00:00,0.18389319
2026-02-18 10:00:00,0.19175473
2026-02-18 11:00:00,0.19445841
2026-02-18 12:00:00,0.19248082
2026-02-18 13:00:00,0.1863797
2026-02-18 14:00:00,0.17761506
2026-02-18 15:00:00,0.16864266
2026-02-18 16:00:00,0.16114932
2026-02-18 17:00:00,0.16126147
2026-02-18 18:00:00,0.17034616
2026-02-18 19:00:00,0.18335119
2026-02-18 20:00:00,0.19700105
2026-02-18 21:00:00,0.20784672
2026-02-18 22:00:00,0.21287063
2026-02-18 23:00:00,0.21244814
2026-02-19 00:00:00,0.20821115
2026-02-19 01:00:00,0.20119311
2026-02-19 02:00:00,0.19237208
2026-02-19 03:00:00,0.18347812
2026-02-19 04:00:00,0.17624411
2026-02-19 05:00:00,0.17984577
2026-02-19 06:00:00,0.19003347
2026-02-19 07:00:00,0.20426205
2026-02-19 08:00:00,0.22032833
2026-02-19 09:00:00,0.23529674
2026-02-19 10:00:00,0.24477574
2026-02-19 11:00:00,0.24759877
2026-02-19 12:00:00,0.24559955
2026-02-19 13:00:00,0.24048093
2026-02-19 14:00:00,0.23269717
2026-02-19 15:00:00,0.2230158
2026-02-19 16:00:00,0.21225415
2026-02-19 17:00:00,0.20559768
2026-02-19 18:00:00,0.21174449
2026-02-19 19:00:00,0.22336908
2026-02-19 20:00:00,0.23755781
2026-02-19 21:00:00,0.2510001
2026-02-19 22:00:00,0.25908396
2026-02-19 23:00:00,0.2604155
2026-02-20 00:00:00,0.25704274
2026-02-20 01:00:00,0.25103927
2026-02-20 02:00:00,0.24239172
2026-02-20 03:00:00,0.23142797
2026-02-20 04:00:00,0.2202904
2026-02-20 05:00:00,0.21454535
2026-02-20 06:00:00,0.2212059
2026-02-20 07:00:00,0.23300345
2026-02-20 08:00:00,0.24765557
2026-02-20 09:00:00,0.26242614
2026-02-20 10:00:00,0.27320868
2026-02-20 11:00:00,0.27748647
2026-02-20 12:00:00,0.27602768
2026-02-20 13:00:00,0.27078998
2026-02-20 14:00:00,0.26320973
2026-02-20 15:00:00,0.25341913
2026-02-20 16:00:00,0.24151643
2026-02-20 17:00:00,0.2309092
2026-02-20 18:00:00,0.2300183
2026-02-20 19:00:00,0.23682387
2026-02-20 20:00:00,0.2484907
2026-02-20 21:00:00,0.26219612
2026-02-20 22:00:00,0.273532
2026-02-20 23:00:00,0.27841124
2026-02-21 00:00:00,0.27743745
2026-02-21 01:00:00,0.2726234
2026-02-21 02:00:00,0.2646805
2026-02-21 03:00:00,0.25408718
2026-02-21 04:00:00,0.2424991
2026-02-21 05:00:00,0.23160656
2026-02-21 06:00:00,0.23014577
2026-02-21 07:00:00,0.2375455
2026-02-21 08:00:00,0.24965966
2026-02-21 09:00:00,0.2642469
2026-02-21 10:00:00,0.277466
2026-02-21 11:00:00,0.2846811
2026-02-21 12:00:00,0.28534523
2026-02-21 13:00:00,0.2819301
2026-02-21 14:00:00,0.27673382
2026-02-21 15:00:00,0.26706693
2026-02-21 16:00:00,0.25499812
2026-02-21 17:00:00,0.24050947
2026-02-21 18:00:00,0.2320592
2026-02-21 19:00:00,0.23782809
2026-02-21 20:00:00,0.24996388
2026-02-21 21:00:00,0.2650467
2026-02-21 22:00:00,0.27989903
2026-02-21 23:00:00,0.29127407
2026-02-22 00:00:00,0.29452166
2026-02-22 01:00:00,0.29142553
2026-02-22 02:00:00,0.28407225
2026-02-22 03:00:00,0.27483523
2026-02-22 04:00:00,0.26490396
2026-02-22 05:00:00,0.2544216
2026-02-22 06:00:00,0.24598838
2026-02-22 07:00:00,0.25007558
2026-02-22 08:00:00,0.2608969
2026-02-22 09:00:00,0.275088
2026-02-22 10:00:00,0.2891923
2026-02-22 11:00:00,0.29831287
2026-02-22 12:00:00,0.2990912
2026-02-22 13:00:00,0.29347676
2026-02-22 14:00:00,0.28480026
2026-02-22 15:00:00,0.27518642
2026-02-22 16:00:00,0.26550528
2026-02-22 17:00:00,0.25658345
2026-02-22 18:00:00,0.24821052
